First Name,Last Name,Gender,Age,Email,Education,Salary,Marital Status
Grace,Nelson,Female,21,g.nelson@randatmail.com,Bachelor,5347,Single
Justin,West,Male,27,j.west@randatmail.com,Doctoral,5783,Married
Daryl,Johnson,Male,20,d.johnson@randatmail.com,Upper secondary,4450,Married
Tiana,Fowler,Female,27,t.fowler@randatmail.com,Primary,3529,Married
Alen,Barnes,Male,26,a.barnes@randatmail.com,Upper secondary,6332,Married
Kirsten,Allen,Female,21,k.allen@randatmail.com,Lower secondary,5792,Married
Charlie,Perkins,Male,28,c.perkins@randatmail.com,Bachelor,3586,Single
Florrie,Reed,Female,19,f.reed@randatmail.com,Upper secondary,5497,Married
Amber,Brooks,Female,27,a.brooks@randatmail.com,Lower secondary,1684,Married
Alberta,Robinson,Female,27,a.robinson@randatmail.com,Lower secondary,9319,Single
Rebecca,Douglas,Female,20,r.douglas@randatmail.com,Bachelor,8283,Single
Myra,Douglas,Female,27,m.douglas@randatmail.com,Lower secondary,5215,Married
Bruce,Cooper,Male,22,b.cooper@randatmail.com,Upper secondary,5183,Single
Dale,Payne,Male,28,d.payne@randatmail.com,Primary,1065,Married
Carl,Morrison,Male,30,c.morrison@randatmail.com,Doctoral,1870,Married
Evelyn,Wells,Female,24,e.wells@randatmail.com,Master,2923,Single
Martin,Alexander,Male,26,m.alexander@randatmail.com,Master,2739,Single
Miley,Payne,Female,28,m.payne@randatmail.com,Primary,8473,Married
Naomi,Spencer,Female,26,n.spencer@randatmail.com,Bachelor,5907,Married
Eleanor,Miller,Female,20,e.miller@randatmail.com,Bachelor,3279,Single
Daisy,Tucker,Female,20,d.tucker@randatmail.com,Doctoral,4834,Married
Rafael,Turner,Male,29,r.turner@randatmail.com,Lower secondary,9899,Married
Luke,Perry,Male,28,l.perry@randatmail.com,Lower secondary,9626,Single
Nicholas,Barrett,Male,24,n.barrett@randatmail.com,Bachelor,5577,Married
Stuart,Roberts,Male,19,s.roberts@randatmail.com,Doctoral,2632,Single
Thomas,Cooper,Male,24,t.cooper@randatmail.com,Upper secondary,2920,Married
Sofia,Morris,Female,18,s.morris@randatmail.com,Lower secondary,2638,Single
Michael,Elliott,Male,27,m.elliott@randatmail.com,Doctoral,4496,Married
Oscar,Ferguson,Male,27,o.ferguson@randatmail.com,Doctoral,5504,Single
Rubie,Ferguson,Female,24,r.ferguson@randatmail.com,Bachelor,6921,Single
Kimberly,Craig,Female,26,k.craig@randatmail.com,Primary,9611,Single
Arnold,Edwards,Male,30,a.edwards@randatmail.com,Primary,3591,Married
Sawyer,Hawkins,Male,20,s.hawkins@randatmail.com,Primary,7550,Married
Edith,Wright,Female,20,e.wright@randatmail.com,Upper secondary,8539,Married
Sabrina,Ferguson,Female,22,s.ferguson@randatmail.com,Doctoral,3565,Single
Ada,Douglas,Female,19,a.douglas@randatmail.com,Upper secondary,5195,Single
Freddie,Watson,Male,28,f.watson@randatmail.com,Lower secondary,9890,Single
Maximilian,Dixon,Male,24,m.dixon@randatmail.com,Primary,5819,Married
Henry,Watson,Male,30,h.watson@randatmail.com,Primary,9989,Single
Florrie,Richards,Female,19,f.richards@randatmail.com,Lower secondary,826,Single
Heather,Cole,Female,20,h.cole@randatmail.com,Upper secondary,5791,Single
Aida,Wells,Female,21,a.wells@randatmail.com,Bachelor,3036,Single
Evelyn,Reed,Female,28,e.reed@randatmail.com,Primary,882,Married
Gianna,Cole,Female,26,g.cole@randatmail.com,Primary,5251,Married
Paul,Johnston,Male,25,p.johnston@randatmail.com,Master,2093,Single
Arthur,Hawkins,Male,20,a.hawkins@randatmail.com,Primary,2760,Single
Kimberly,Thompson,Female,19,k.thompson@randatmail.com,Doctoral,1516,Married
Jasmine,Mitchell,Female,25,j.mitchell@randatmail.com,Lower secondary,3554,Single
Abigail,Gray,Female,29,a.gray@randatmail.com,Primary,7416,Single
Anna,Allen,Female,20,a.allen@randatmail.com,Lower secondary,2022,Single
Sophia,Cameron,Female,18,s.cameron@randatmail.com,Bachelor,3411,Single
James,Robinson,Male,26,j.robinson@randatmail.com,Bachelor,8380,Single
Ted,Perkins,Male,21,t.perkins@randatmail.com,Primary,1810,Single
Sofia,Morgan,Female,23,s.morgan@randatmail.com,Lower secondary,2817,Married
Annabella,Stewart,Female,19,a.stewart@randatmail.com,Primary,5095,Single
Jessica,Richards,Female,21,j.richards@randatmail.com,Bachelor,3919,Married
Harold,Andrews,Male,18,h.andrews@randatmail.com,Bachelor,5890,Single
Eric,Foster,Male,26,e.foster@randatmail.com,Upper secondary,8316,Single
Olivia,Mason,Female,25,o.mason@randatmail.com,Primary,3488,Married
Rafael,Davis,Male,22,r.davis@randatmail.com,Lower secondary,2158,Married
Julian,Campbell,Male,24,j.campbell@randatmail.com,Bachelor,5239,Married
Miranda,Jones,Female,23,m.jones@randatmail.com,Upper secondary,6285,Single
Valeria,Brooks,Female,25,v.brooks@randatmail.com,Lower secondary,9771,Married
Paige,Harper,Female,30,p.harper@randatmail.com,Master,4821,Single
Miller,Foster,Male,27,m.foster@randatmail.com,Master,1432,Single
Jack,Richardson,Male,25,j.richardson@randatmail.com,Primary,7667,Single
Briony,Montgomery,Female,23,b.montgomery@randatmail.com,Primary,3061,Single
Jordan,Moore,Male,25,j.moore@randatmail.com,Doctoral,7145,Single
Lenny,Kelley,Male,23,l.kelley@randatmail.com,Bachelor,9746,Married
Audrey,Sullivan,Female,30,a.sullivan@randatmail.com,Master,5670,Married
Freddie,Kelly,Male,23,f.kelly@randatmail.com,Upper secondary,2604,Married
Leonardo,Tucker,Male,29,l.tucker@randatmail.com,Master,5226,Married
Ashton,Hawkins,Male,28,a.hawkins@randatmail.com,Lower secondary,5545,Married
Carl,Reed,Male,22,c.reed@randatmail.com,Primary,4267,Married
Annabella,Armstrong,Female,28,a.armstrong@randatmail.com,Bachelor,6609,Single
Florrie,Casey,Female,25,f.casey@randatmail.com,Doctoral,3614,Single
Lilianna,Bennett,Female,19,l.bennett@randatmail.com,Bachelor,9846,Single
Victoria,Brooks,Female,30,v.brooks@randatmail.com,Primary,7603,Single
Sam,Owens,Male,30,s.owens@randatmail.com,Doctoral,8739,Married
Haris,Stewart,Male,20,h.stewart@randatmail.com,Bachelor,6803,Married
Valeria,Cooper,Female,30,v.cooper@randatmail.com,Lower secondary,8268,Single
Hailey,Wright,Female,23,h.wright@randatmail.com,Upper secondary,4014,Married
Brianna,Holmes,Female,19,b.holmes@randatmail.com,Doctoral,516,Married
Alford,Chapman,Male,18,a.chapman@randatmail.com,Lower secondary,5200,Married
Belinda,Anderson,Female,30,b.anderson@randatmail.com,Upper secondary,619,Single
Catherine,Morris,Female,18,c.morris@randatmail.com,Doctoral,4602,Married
Reid,Foster,Male,21,r.foster@randatmail.com,Primary,9460,Single
Tess,Edwards,Female,30,t.edwards@randatmail.com,Master,718,Single
James,Kelley,Male,24,j.kelley@randatmail.com,Doctoral,2870,Married
Lydia,Richardson,Female,23,l.richardson@randatmail.com,Master,3537,Single
Penelope,Jones,Female,29,p.jones@randatmail.com,Lower secondary,9913,Married
Lyndon,Rogers,Male,26,l.rogers@randatmail.com,Doctoral,826,Married
Aida,Riley,Female,30,a.riley@randatmail.com,Primary,6050,Single
Blake,West,Male,28,b.west@randatmail.com,Doctoral,9375,Married
Adam,Myers,Male,23,a.myers@randatmail.com,Lower secondary,9854,Married
Andrew,Clark,Male,25,a.clark@randatmail.com,Lower secondary,4459,Single
Miley,Baker,Female,28,m.baker@randatmail.com,Primary,646,Single
Rosie,Wilson,Female,28,r.wilson@randatmail.com,Primary,8950,Single
Lucy,Walker,Female,18,l.walker@randatmail.com,Bachelor,8631,Single
Adele,Nelson,Female,22,a.nelson@randatmail.com,Lower secondary,9925,Single
Belinda,Owens,Female,29,b.owens@randatmail.com,Doctoral,4519,Married
Joyce,Henderson,Female,23,j.henderson@randatmail.com,Primary,1474,Married
Jenna,Henderson,Female,22,j.henderson@randatmail.com,Master,3856,Single
Arnold,Owens,Male,19,a.owens@randatmail.com,Master,8483,Married
Hailey,Stewart,Female,25,h.stewart@randatmail.com,Master,5680,Married
Amber,Harris,Female,20,a.harris@randatmail.com,Doctoral,5205,Married
Miller,Phillips,Male,24,m.phillips@randatmail.com,Upper secondary,8170,Married
Maddie,Bennett,Female,24,m.bennett@randatmail.com,Lower secondary,5351,Married
Ned,Payne,Male,23,n.payne@randatmail.com,Upper secondary,3461,Married
Jessica,Elliott,Female,23,j.elliott@randatmail.com,Lower secondary,8509,Single
Adrianna,Campbell,Female,21,a.campbell@randatmail.com,Primary,901,Single
Catherine,Owens,Female,21,c.owens@randatmail.com,Upper secondary,1435,Single
Blake,Morgan,Male,18,b.morgan@randatmail.com,Master,940,Married
Camila,Phillips,Female,30,c.phillips@randatmail.com,Lower secondary,1211,Married
Cherry,Adams,Female,29,c.adams@randatmail.com,Doctoral,4034,Single
Melissa,Edwards,Female,18,m.edwards@randatmail.com,Lower secondary,7822,Single
Nicole,Murray,Female,28,n.murray@randatmail.com,Upper secondary,5163,Single
Adrianna,Ferguson,Female,29,a.ferguson@randatmail.com,Primary,2030,Married
Edward,Howard,Male,28,e.howard@randatmail.com,Lower secondary,9989,Married
Cherry,Gibson,Female,18,c.gibson@randatmail.com,Bachelor,4745,Single
Vincent,Crawford,Male,25,v.crawford@randatmail.com,Master,2032,Married
Alfred,Thompson,Male,30,a.thompson@randatmail.com,Bachelor,1260,Married
Tony,Cooper,Male,30,t.cooper@randatmail.com,Lower secondary,4982,Married
Carl,Allen,Male,25,c.allen@randatmail.com,Lower secondary,3922,Single
Brad,Allen,Male,28,b.allen@randatmail.com,Upper secondary,836,Single
Ned,Ellis,Male,20,n.ellis@randatmail.com,Upper secondary,1258,Single
Alberta,Ellis,Female,19,a.ellis@randatmail.com,Lower secondary,4899,Married
Audrey,Stewart,Female,20,a.stewart@randatmail.com,Doctoral,1786,Single
Carina,Payne,Female,24,c.payne@randatmail.com,Doctoral,2078,Married
James,Harrison,Male,20,j.harrison@randatmail.com,Upper secondary,4411,Married
Wilson,Perry,Male,24,w.perry@randatmail.com,Primary,3133,Single
Kevin,Dixon,Male,20,k.dixon@randatmail.com,Doctoral,3665,Married
Amber,Scott,Female,27,a.scott@randatmail.com,Master,1028,Single
Arianna,Perry,Female,24,a.perry@randatmail.com,Bachelor,6315,Married
Lucia,Martin,Female,18,l.martin@randatmail.com,Doctoral,5208,Single
Chloe,Carter,Female,18,c.carter@randatmail.com,Lower secondary,6185,Single
Sarah,Adams,Female,26,s.adams@randatmail.com,Bachelor,509,Single
Eric,Baker,Male,26,e.baker@randatmail.com,Bachelor,6442,Single
Aldus,Crawford,Male,24,a.crawford@randatmail.com,Lower secondary,3056,Single
Sawyer,Miller,Male,30,s.miller@randatmail.com,Lower secondary,2935,Married
Alissa,Hall,Female,21,a.hall@randatmail.com,Lower secondary,2295,Single
Wilson,Morris,Male,22,w.morris@randatmail.com,Lower secondary,4130,Married
Aldus,Williams,Male,26,a.williams@randatmail.com,Master,5387,Single
Alford,Perry,Male,24,a.perry@randatmail.com,Doctoral,2033,Single
Marcus,Smith,Male,26,m.smith@randatmail.com,Master,7414,Single
Clark,Crawford,Male,25,c.crawford@randatmail.com,Bachelor,2577,Single
Charlie,Walker,Male,18,c.walker@randatmail.com,Bachelor,7677,Single
Abigail,Parker,Female,25,a.parker@randatmail.com,Doctoral,7843,Married
Alan,Craig,Male,28,a.craig@randatmail.com,Doctoral,937,Married
Rebecca,Cole,Female,23,r.cole@randatmail.com,Master,8722,Single
Antony,Morris,Male,25,a.morris@randatmail.com,Primary,4717,Married
Melanie,Morgan,Female,24,m.morgan@randatmail.com,Bachelor,2386,Married
Ada,Morrison,Female,23,a.morrison@randatmail.com,Master,1851,Single
Annabella,Harrison,Female,28,a.harrison@randatmail.com,Upper secondary,9219,Married
Camila,Higgins,Female,23,c.higgins@randatmail.com,Lower secondary,8193,Single
Walter,Barnes,Male,20,w.barnes@randatmail.com,Upper secondary,7300,Single
Isabella,Turner,Female,30,i.turner@randatmail.com,Master,5348,Married
Heather,Myers,Female,19,h.myers@randatmail.com,Upper secondary,6682,Married
Henry,Ross,Male,18,h.ross@randatmail.com,Master,6346,Single
Cadie,Mason,Female,28,c.mason@randatmail.com,Doctoral,7200,Married
Richard,Adams,Male,22,r.adams@randatmail.com,Lower secondary,4160,Single
Adrian,Craig,Male,30,a.craig@randatmail.com,Master,3807,Married
Olivia,Phillips,Female,19,o.phillips@randatmail.com,Bachelor,5020,Married
Adison,Brooks,Male,19,a.brooks@randatmail.com,Lower secondary,9543,Single
Paul,Scott,Male,24,p.scott@randatmail.com,Lower secondary,5307,Married
Emily,Anderson,Female,28,e.anderson@randatmail.com,Upper secondary,1104,Single
William,Lloyd,Male,30,w.lloyd@randatmail.com,Primary,3170,Single
Sophia,Carroll,Female,21,s.carroll@randatmail.com,Primary,4252,Married
Richard,West,Male,23,r.west@randatmail.com,Bachelor,1318,Married
Victor,Wells,Male,22,v.wells@randatmail.com,Master,8430,Married
Caroline,Douglas,Female,29,c.douglas@randatmail.com,Lower secondary,5125,Married
Abigail,Ellis,Female,25,a.ellis@randatmail.com,Doctoral,8998,Married
Brooke,Taylor,Female,30,b.taylor@randatmail.com,Master,6659,Married
Amanda,Anderson,Female,25,a.anderson@randatmail.com,Primary,707,Married
John,Martin,Male,21,j.martin@randatmail.com,Doctoral,3895,Single
Albert,Scott,Male,27,a.scott@randatmail.com,Bachelor,6265,Single
Frederick,Alexander,Male,27,f.alexander@randatmail.com,Primary,6686,Married
Roman,Payne,Male,30,r.payne@randatmail.com,Lower secondary,8892,Married
Max,Thomas,Male,19,m.thomas@randatmail.com,Doctoral,1221,Single
Florrie,Richardson,Female,28,f.richardson@randatmail.com,Upper secondary,6664,Single
Elise,Johnson,Female,25,e.johnson@randatmail.com,Upper secondary,6698,Single
Madaline,Sullivan,Female,27,m.sullivan@randatmail.com,Bachelor,5553,Single
Elian,Allen,Male,30,e.allen@randatmail.com,Bachelor,9759,Single
Tess,Henderson,Female,30,t.henderson@randatmail.com,Master,3890,Single
Aldus,Nelson,Male,18,a.nelson@randatmail.com,Upper secondary,2776,Single
Bruce,Murray,Male,20,b.murray@randatmail.com,Upper secondary,9587,Single
Elian,Myers,Male,27,e.myers@randatmail.com,Lower secondary,7548,Married
Victoria,Payne,Female,29,v.payne@randatmail.com,Upper secondary,7374,Single
Evelyn,Higgins,Female,23,e.higgins@randatmail.com,Upper secondary,4265,Married
Audrey,Stevens,Female,27,a.stevens@randatmail.com,Upper secondary,6712,Single
Kevin,Wells,Male,27,k.wells@randatmail.com,Doctoral,4989,Married
Daisy,Sullivan,Female,21,d.sullivan@randatmail.com,Primary,5214,Married
Grace,Martin,Female,19,g.martin@randatmail.com,Primary,2548,Single
Julian,Harris,Male,22,j.harris@randatmail.com,Bachelor,2880,Married
Eric,Hill,Male,21,e.hill@randatmail.com,Primary,2540,Single
Catherine,Johnson,Female,29,c.johnson@randatmail.com,Bachelor,8799,Married
Victoria,Lloyd,Female,29,v.lloyd@randatmail.com,Bachelor,6313,Married
Carl,Montgomery,Male,23,c.montgomery@randatmail.com,Doctoral,8106,Married
Amber,Johnson,Female,25,a.johnson@randatmail.com,Bachelor,3657,Single
Florrie,Farrell,Female,20,f.farrell@randatmail.com,Doctoral,6647,Married
